First Author,2,3,4,5,6,7,8,9,10,11
L Barnard,J Wesson,,,,,,,,,
M Kam,A Tibuzzi,X Hua,,,,,,,,
N Poosanthanasarn,C Lohachit,W Fungladda,S Sriboorapa,C Pulkate,,,,,,
JS Sandhu,J Hey,C Newman,AM Agogino,,,,,,,
KL Kumar,M Bhattacharya,,,,,,,,,
JS Sandhu,P Altankhuyag,D Amarsaikhan,,,,,,,,
A Lindgren,F Chen,PW Jordan,H Zhang,,,,,,,
HG van der Roest,FJM Meiland,HC Comijs,E Derksen,APD Jansen,HPJ van Hout,C Jonker,RM Droes,,,
B Kolko,C Putnam,,,,,,,,,
ML Best,D Thakur,B Kolko,,,,,,,,
C Putnam,E Rose,R Walton,B Kolko,,,,,,,
R Walton,B DeRenzi,,,,,,,,,
A Dekhtyar,J Goldsmith,B Goldstein,KK Mathias,C Isenhour,,,,,,
C Driesbach,R Walton,B Kolko,A Seidakmatova,,,,,,,
WARWM Isa,NLM Noor,S Mehad,,,,,,,,
R Rege,,,,,,,,,,
I Hussein,E Seman,M Mahmud,,,,,,,,
E Johnson,B Kolko,O Salikhbaeva,,,,,,,,
K Pecknold,,,,,,,,,,
S Shahid,E Krahmer,,,,,,,,,
B Ariyatum,R Holland,P Sirisalee,D Prommin,,,,,,,
S Bucolo,JH Matthews,,,,,,,,,
W Brunette,W Gerard,M Hicks,A Hope,M Ishimitsu,P Prasad,R Anderson,G Borriello,B Kolko,R Nathan,
I Hussein,M Mahmud,AW Yeo,,,,,,,,
R Hinman,J Matovu,,,,,,,,,
R Rege,S Nagarkar,,,,,,,,,
F Kamoun,N Werghi,M Al Blushi,,,,,,,,
Z Ying,,,,,,,,,,
LM Haverhals,CA Lee,KA Siek,CA Darr,SA Linnebur,JM Ruscin,SE Ross,,,,
T Gorman,E Rose,J Yaaqoubi,A Bayor,B Kolko,,,,,,
SG Mougiakakou,E Kyriacou,K Perakis,H Papadopoulos,A Androulidakis,G Konnis,R Tranfaglia,L Pecchia,U Bracale,C Pattichis,D Koutsouris
R Steinbeck,,,,,,,,,,
A Hashizume,T Yamanaka,M Kurosu,,,,,,,,
LC De Castro Salgado,CS De Souza,CF Leitao,,,,,,,,
JW Rosenboom,C Jacks,K Phyrum,M Roberts,T Baker,,,,,,
Z Fu,X Zhang,,,,,,,,,
B Aryana,C Boks,A Navabi,,,,,,,,
W Brunette,M Hicks,A Hope,G Ruddy,R Anderson,B Kolko,,,,,
B Kolko,C Putnam,E Rose,E Johnson,,,,,,,
